{
    "name": "root",
    "gauges": {
        "Tetris.Policy.Entropy.mean": {
            "value": 1.6507115364074707,
            "min": 1.6507115364074707,
            "max": 3.654606342315674,
            "count": 27
        },
        "Tetris.Environment.EpisodeLength.mean": {
            "value": 23.682926829268293,
            "min": 16.982142857142858,
            "max": 30.625,
            "count": 27
        },
        "Tetris.Policy.ExtrinsicValueEstimate.mean": {
            "value": 16.8122615814209,
            "min": 0.5910891890525818,
            "max": 16.950387954711914,
            "count": 27
        },
        "Tetris.Environment.CumulativeReward.mean": {
            "value": 2.5600008383029844,
            "min": -19.402578046244958,
            "max": 5.330732810788039,
            "count": 27
        },
        "Tetris.Policy.ExtrinsicReward.mean": {
            "value": 2.5600008383029844,
            "min": -19.402578046244958,
            "max": 5.330732810788039,
            "count": 27
        },
        "Tetris.Losses.ValueLoss.mean": {
            "value": 92.82416534423828,
            "min": 52.689247131347656,
            "max": 431.567138671875,
            "count": 27
        },
        "Tetris.Losses.PolicyLoss.mean": {
            "value": 0.24460040032863617,
            "min": 0.2265976518392563,
            "max": 0.25226891040802,
            "count": 27
        },
        "Tetris.Policy.LearningRate.mean": {
            "value": 0.0002840878441929817,
            "min": 0.0002840878441929817,
            "max": 0.0002997034462168813,
            "count": 27
        },
        "Tetris.Policy.Epsilon.mean": {
            "value": 0.19469597935676575,
            "min": 0.19469597935676575,
            "max": 0.19990114867687225,
            "count": 27
        },
        "Tetris.Policy.Beta.mean": {
            "value": 0.00047401018673554063,
            "min": 0.00047401018673554063,
            "max": 0.0004995156778022647,
            "count": 27
        },
        "Tetris.IsTraining.mean": {
            "value": 1.0,
            "min": 1.0,
            "max": 1.0,
            "count": 27
        }
    },
    "metadata": {
        "timer_format_version": "0.1.0",
        "start_time_seconds": "1617260972",
        "python_version": "3.6.13 |Anaconda, Inc.| (default, Mar 16 2021, 11:37:27) [MSC v.1916 64 bit (AMD64)]",
        "command_line_arguments": "C:\\Users\\kai\\anaconda3\\envs\\ml-agents\\Scripts\\mlagents-learn config/Tetris_config.yaml --run-id=Tetris25",
        "mlagents_version": "0.17.0",
        "mlagents_envs_version": "0.17.0",
        "communication_protocol_version": "1.0.0",
        "tensorflow_version": "2.4.1",
        "end_time_seconds": "1617261221"
    },
    "total": 249.3719724,
    "count": 1,
    "self": 0.00405030000001716,
    "children": {
        "run_training.setup": {
            "total": 0.0061447,
            "count": 1,
            "self": 0.0061447
        },
        "TrainerController.start_learning": {
            "total": 249.3617774,
            "count": 1,
            "self": 7.682938699996242,
            "children": {
                "TrainerController._reset_env": {
                    "total": 5.8863911,
                    "count": 1,
                    "self": 5.8863911
                },
                "TrainerController.advance": {
                    "total": 235.57478940000377,
                    "count": 28100,
                    "self": 0.24563020000255165,
                    "children": {
                        "env_step": {
                            "total": 235.32915920000121,
                            "count": 28100,
                            "self": 217.60374479999982,
                            "children": {
                                "SubprocessEnvManager._take_step": {
                                    "total": 17.443679300002376,
                                    "count": 28100,
                                    "self": 0.5688255000023474,
                                    "children": {
                                        "NNPolicy.evaluate": {
                                            "total": 16.87485380000003,
                                            "count": 27144,
                                            "self": 16.87485380000003
                                        }
                                    }
                                },
                                "workers": {
                                    "total": 0.2817350999990236,
                                    "count": 28099,
                                    "self": 0.0,
                                    "children": {
                                        "worker_root": {
                                            "total": 221.262359699999,
                                            "count": 28099,
                                            "is_parallel": true,
                                            "self": 45.86507399999775,
                                            "children": {
                                                "steps_from_proto": {
                                                    "total": 0.0002989,
                                                    "count": 1,
                                                    "is_parallel": true,
                                                    "self": 0.0001577,
                                                    "children": {
                                                        "_process_vector_observation": {
                                                            "total": 0.0001412,
                                                            "count": 2,
                                                            "is_parallel": true,
                                                            "self": 0.0001412
                                                        }
                                                    }
                                                },
                                                "UnityEnvironment.step": {
                                                    "total": 175.39698680000126,
                                                    "count": 28099,
                                                    "is_parallel": true,
                                                    "self": 1.7120598000018958,
                                                    "children": {
                                                        "UnityEnvironment._generate_step_input": {
                                                            "total": 1.0747029000018526,
                                                            "count": 28099,
                                                            "is_parallel": true,
                                                            "self": 1.0747029000018526
                                                        },
                                                        "communicator.exchange": {
                                                            "total": 166.9212202999984,
                                                            "count": 28099,
                                                            "is_parallel": true,
                                                            "self": 166.9212202999984
                                                        },
                                                        "steps_from_proto": {
                                                            "total": 5.6890037999991225,
                                                            "count": 28097,
                                                            "is_parallel": true,