Steps,Policy/Entropy,Environment/Episode Length,Policy/Extrinsic Value Estimate,Environment/Cumulative Reward,Policy/Extrinsic Reward,Losses/Value Loss,Losses/Policy Loss,Policy/Learning Rate,Policy/Epsilon,Policy/Beta,Is Training
1000,3.6271577,31.64516129032258,-0.97757185,-1.8950333833694457,-1.8950333833694457,0.35296717,0.2548871,0.0002996808,0.19989361,0.00049947866,1.0
2000,3.5123174,28.176470588235293,-1.2850591,-1.7178588492028855,-1.7178588492028855,0.17727216,0.23787822,0.00029911465,0.19970487,0.00049855385,1.0
