{
    "name": "root",
    "gauges": {
        "Tetris.Policy.Entropy.mean": {
            "value": 2.9135169982910156,
            "min": 2.9135169982910156,
            "max": 3.5799400806427,
            "count": 9
        },
        "Tetris.Environment.EpisodeLength.mean": {
            "value": 29.65625,
            "min": 27.705882352941178,
            "max": 32.12903225806452,
            "count": 9
        },
        "Tetris.Policy.ExtrinsicValueEstimate.mean": {
            "value": -0.48547786474227905,
            "min": -0.5540256500244141,
            "max": -0.3251916766166687,
            "count": 9
        },
        "Tetris.Environment.CumulativeReward.mean": {
            "value": -0.04379694443196058,
            "min": -0.27480888980276447,
            "max": -0.029203172773122787,
            "count": 9
        },
        "Tetris.Policy.ExtrinsicReward.mean": {
            "value": -0.04379694443196058,
            "min": -0.27480888980276447,
            "max": -0.029203172773122787,
            "count": 9
        },
        "Tetris.Losses.ValueLoss.mean": {
            "value": 0.12998950481414795,
            "min": 0.053067646920681,
            "max": 0.229417085647583,
            "count": 9
        },
        "Tetris.Losses.PolicyLoss.mean": {
            "value": 0.24793630838394165,
            "min": 0.2253873646259308,
            "max": 0.27401435375213623,
            "count": 9
        },
        "Tetris.Policy.LearningRate.mean": {
            "value": 0.000294920289888978,
            "min": 0.000294920289888978,
            "max": 0.00029967541922815144,
            "count": 9
        },
        "Tetris.Policy.Epsilon.mean": {
            "value": 0.19830673933029175,
            "min": 0.19830673933029175,
            "max": 0.1998918056488037,
            "count": 9
        },
        "Tetris.Policy.Beta.mean": {
            "value": 0.0004917031619697809,
            "min": 0.0004917031619697809,
            "max": 0.0004994698683731258,
            "count": 9
        },
        "Tetris.IsTraining.mean": {
            "value": 1.0,
            "min": 1.0,
            "max": 1.0,
            "count": 9
        }
    },
    "metadata": {
        "timer_format_version": "0.1.0",
        "start_time_seconds": "1617272348",
        "python_version": "3.6.13 |Anaconda, Inc.| (default, Mar 16 2021, 11:37:27) [MSC v.1916 64 bit (AMD64)]",
        "command_line_arguments": "C:\\Users\\kai\\anaconda3\\envs\\ml-agents\\Scripts\\mlagents-learn config/Tetris_config.yaml --run-id=Tetris60",
        "mlagents_version": "0.17.0",
        "mlagents_envs_version": "0.17.0",
        "communication_protocol_version": "1.0.0",
        "tensorflow_version": "2.4.1",
        "end_time_seconds": "1617272477"
    },
    "total": 129.5745825,
    "count": 1,
    "self": 0.003772800000007237,
    "children": {
        "run_training.setup": {
            "total": 0.0065921,
            "count": 1,
            "self": 0.0065921
        },
        "TrainerController.start_learning": {
            "total": 129.56421759999998,
            "count": 1,
            "self": 5.7607334000000066,
            "children": {
                "TrainerController._reset_env": {
                    "total": 2.1956675,
                    "count": 1,
                    "self": 2.1956675
                },
                "TrainerController.advance": {
                    "total": 121.16334789999999,
                    "count": 10017,
                    "self": 0.1203363999998146,
                    "children": {
                        "env_step": {
                            "total": 121.04301150000018,
                            "count": 10017,
                            "self": 97.41561049999981,
                            "children": {
                                "SubprocessEnvManager._take_step": {
                                    "total": 23.44127910000023,
                                    "count": 10017,
                                    "self": 0.3285828000002873,
                                    "children": {
                                        "NNPolicy.evaluate": {
                                            "total": 23.112696299999943,
                                            "count": 9784,
                                            "self": 23.112696299999943
                                        }
                                    }
                                },
                                "workers": {
                                    "total": 0.18612190000013307,
                                    "count": 10016,
                                    "self": 0.0,
                                    "children": {
                                        "worker_root": {
                                            "total": 114.55709249999953,
                                            "count": 10016,
                                            "is_parallel": true,
                                            "self": 40.466823299998836,
                                            "children": {
                                                "steps_from_proto": {
                                                    "total": 0.008662399999999999,
                                                    "count": 1,
                                                    "is_parallel": true,
                                                    "self": 0.0001441999999999971,
                                                    "children": {
                                                        "_process_visual_observation": {
                                                            "total": 0.008447600000000001,
                                                            "count": 2,
                                                            "is_parallel": true,
                                                            "self": 2.4200000000000263e-05,
                                                            "children": {
                                                                "observation_to_np_array": {
                                                                    "total": 0.008423400000000001,
                                                                    "count": 1,
                                                                    "is_parallel": true,
                                                                    "self": 1.8400000000000014e-05,
                                                                    "children": {
                                                                        "process_pixels": {
                                                                            "total": 0.008405000000000001,
                                                                            "count": 1,
                                                                            "is_parallel": true,
                                                                            "self": 0.0001060999999999996,
                                                                            "children": {
                                                                                "image_decompress": {
                                                                                    "total": 0.008298900000000001,
                                                                                    "count": 1,
                                                                                    "is_parallel": true,