{
    "name": "root",
    "gauges": {
        "Tetris.Policy.Entropy.mean": {
            "value": 1.6995048522949219,
            "min": 0.8896266222000122,
            "max": 3.621811628341675,
            "count": 101
        },
        "Tetris.Environment.EpisodeLength.mean": {
            "value": 34.714285714285715,
            "min": 25.435897435897434,
            "max": 37.03703703703704,
            "count": 101
        },
        "Tetris.Policy.ExtrinsicValueEstimate.mean": {
            "value": -0.4166043698787689,
            "min": -0.6101565361022949,
            "max": -0.01779559999704361,
            "count": 101
        },
        "Tetris.Environment.CumulativeReward.mean": {
            "value": 0.15803566787924087,
            "min": -0.32527781691816116,
            "max": 0.5190384044097021,
            "count": 101
        },
        "Tetris.Policy.ExtrinsicReward.mean": {
            "value": 0.15803566787924087,
            "min": -0.32527781691816116,
            "max": 0.5190384044097021,
            "count": 101
        },
        "Tetris.Losses.ValueLoss.mean": {
            "value": 0.11834405362606049,
            "min": 0.040525030344724655,
            "max": 0.3410624861717224,
            "count": 101
        },
        "Tetris.Losses.PolicyLoss.mean": {
            "value": 0.2480504959821701,
            "min": 0.2164529263973236,
            "max": 0.35238683223724365,
            "count": 101
        },
        "Tetris.Policy.LearningRate.mean": {
            "value": 0.00023972376948222518,
            "min": 0.00023972376948222518,
            "max": 0.0002996819675900042,
            "count": 101
        },
        "Tetris.Policy.Epsilon.mean": {
            "value": 0.179907888174057,
            "min": 0.179907888174057,
            "max": 0.1998940110206604,
            "count": 101
        },
        "Tetris.Policy.Beta.mean": {
            "value": 0.0004015487211290747,
            "min": 0.0004015487211290747,
            "max": 0.0004994805785827339,
            "count": 101
        },
        "Tetris.IsTraining.mean": {
            "value": 1.0,
            "min": 1.0,
            "max": 1.0,
            "count": 101
        }
    },
    "metadata": {
        "timer_format_version": "0.1.0",
        "start_time_seconds": "1617270658",
        "python_version": "3.6.13 |Anaconda, Inc.| (default, Mar 16 2021, 11:37:27) [MSC v.1916 64 bit (AMD64)]",
        "command_line_arguments": "C:\\Users\\kai\\anaconda3\\envs\\ml-agents\\Scripts\\mlagents-learn config/Tetris_config.yaml --run-id=Tetris59",
        "mlagents_version": "0.17.0",
        "mlagents_envs_version": "0.17.0",
        "communication_protocol_version": "1.0.0",
        "tensorflow_version": "2.4.1",
        "end_time_seconds": "1617272267"
    },
    "total": 1609.5978513999999,
    "count": 1,
    "self": 0.004442499999868232,
    "children": {
        "run_training.setup": {
            "total": 0.006762799999999999,
            "count": 1,
            "self": 0.006762799999999999
        },
        "TrainerController.start_learning": {
            "total": 1609.5866461,
            "count": 1,
            "self": 30.50903809998681,
            "children": {
                "TrainerController._reset_env": {
                    "total": 2.1036199,
                    "count": 1,
                    "self": 2.1036199
                },
                "TrainerController.advance": {
                    "total": 1576.5385405000131,
                    "count": 103804,
                    "self": 1.0455967000150395,
                    "children": {
                        "env_step": {
                            "total": 1575.492943799998,
                            "count": 103804,
                            "self": 1364.12501600003,
                            "children": {
                                "SubprocessEnvManager._take_step": {
                                    "total": 209.65341809999785,
                                    "count": 103804,
                                    "self": 3.000643000009518,
                                    "children": {
                                        "NNPolicy.evaluate": {
                                            "total": 206.65277509998833,
                                            "count": 101501,
                                            "self": 206.65277509998833
                                        }
                                    }
                                },
                                "workers": {
                                    "total": 1.7145096999703435,
                                    "count": 103803,
                                    "self": 0.0,
                                    "children": {
                                        "worker_root": {
                                            "total": 1603.8941637999849,
                                            "count": 103803,
                                            "is_parallel": true,
                                            "self": 346.73178929994174,
                                            "children": {
                                                "steps_from_proto": {
                                                    "total": 0.0086974,
                                                    "count": 1,
                                                    "is_parallel": true,
                                                    "self": 0.0001414000000000016,
                                                    "children": {
                                                        "_process_visual_observation": {
                                                            "total": 0.008484899999999998,
                                                            "count": 2,
                                                            "is_parallel": true,
                                                            "self": 2.5099999999998387e-05,
                                                            "children": {
                                                                "observation_to_np_array": {
                                                                    "total": 0.0084598,
                                                                    "count": 1,
                                                                    "is_parallel": true,
                                                                    "self": 1.8400000000000014e-05,
                                                                    "children": {
                                                                        "process_pixels": {
                                                                            "total": 0.0084414,
                                                                            "count": 1,
                                                                            "is_parallel": true,
                                                                            "self": 0.00010480000000000038,
                                                                            "children": {
                                                                                "image_decompress": {
                                                                                    "total": 0.0083366,
                                                                                    "count": 1,
                                                                                    "is_parallel": true,