{
    "name": "root",
    "gauges": {
        "Tetris.Policy.Entropy.mean": {
            "value": 1.640555739402771,
            "min": 1.640555739402771,
            "max": 3.624868154525757,
            "count": 8
        },
        "Tetris.Environment.EpisodeLength.mean": {
            "value": 17.943396226415093,
            "min": 17.943396226415093,
            "max": 29.545454545454547,
            "count": 8
        },
        "Tetris.Policy.ExtrinsicValueEstimate.mean": {
            "value": -0.01613895781338215,
            "min": -0.0220657866448164,
            "max": -0.0033288097474724054,
            "count": 8
        },
        "Tetris.Environment.CumulativeReward.mean": {
            "value": -0.02970459073219659,
            "min": -0.03706644396438743,
            "max": -0.02970459073219659,
            "count": 8
        },
        "Tetris.Policy.ExtrinsicReward.mean": {
            "value": -0.02970459073219659,
            "min": -0.03706644396438743,
            "max": -0.02970459073219659,
            "count": 8
        },
        "Tetris.Losses.ValueLoss.mean": {
            "value": 8.4541185060516e-05,
            "min": 8.4541185060516e-05,
            "max": 0.003023444674909115,
            "count": 8
        },
        "Tetris.Losses.PolicyLoss.mean": {
            "value": 0.24587218463420868,
            "min": 0.22211651504039764,
            "max": 0.2499089539051056,
            "count": 8
        },
        "Tetris.Policy.LearningRate.mean": {
            "value": 0.0002954881638288498,
            "min": 0.0002954881638288498,
            "max": 0.00029967748560011387,
            "count": 8
        },
        "Tetris.Policy.Epsilon.mean": {
            "value": 0.1984960436820984,
            "min": 0.1984960436820984,
            "max": 0.19989250600337982,
            "count": 8
        },
        "Tetris.Policy.Beta.mean": {
            "value": 0.000492630701046437,
            "min": 0.000492630701046437,
            "max": 0.0004994733026251197,
            "count": 8
        },
        "Tetris.IsTraining.mean": {
            "value": 1.0,
            "min": 1.0,
            "max": 1.0,
            "count": 8
        }
    },
    "metadata": {
        "timer_format_version": "0.1.0",
        "start_time_seconds": "1617256249",
        "python_version": "3.6.13 |Anaconda, Inc.| (default, Mar 16 2021, 11:37:27) [MSC v.1916 64 bit (AMD64)]",
        "command_line_arguments": "C:\\Users\\kai\\anaconda3\\envs\\ml-agents\\Scripts\\mlagents-learn config/Tetris_config.yaml --run-id=Tetris9",
        "mlagents_version": "0.17.0",
        "mlagents_envs_version": "0.17.0",
        "communication_protocol_version": "1.0.0",
        "tensorflow_version": "2.4.1",
        "end_time_seconds": "1617256312"
    },
    "total": 62.623454699999996,
    "count": 1,
    "self": 0.004098699999993016,
    "children": {
        "run_training.setup": {
            "total": 0.0066760000000000005,
            "count": 1,
            "self": 0.0066760000000000005
        },
        "TrainerController.start_learning": {
            "total": 62.612680000000005,
            "count": 1,
            "self": 3.230053799999723,
            "children": {
                "TrainerController._reset_env": {
                    "total": 3.1516685,
                    "count": 1,
                    "self": 3.1516685
                },
                "TrainerController.advance": {
                    "total": 56.04707880000028,
                    "count": 9081,
                    "self": 0.07400830000025849,
                    "children": {
                        "env_step": {
                            "total": 55.97307050000002,
                            "count": 9081,
                            "self": 50.24263010000051,
                            "children": {
                                "SubprocessEnvManager._take_step": {
                                    "total": 5.640452499999545,
                                    "count": 9081,
                                    "self": 0.18970369999940484,
                                    "children": {
                                        "NNPolicy.evaluate": {
                                            "total": 5.45074880000014,
                                            "count": 8784,
                                            "self": 5.45074880000014
                                        }
                                    }
                                },
                                "workers": {
                                    "total": 0.08998789999996504,
                                    "count": 9080,
                                    "self": 0.0,
                                    "children": {
                                        "worker_root": {
                                            "total": 58.95533689999984,
                                            "count": 9080,
                                            "is_parallel": true,
                                            "self": 15.648620799999982,
                                            "children": {
                                                "steps_from_proto": {
                                                    "total": 0.00022950000000000002,
                                                    "count": 1,
                                                    "is_parallel": true,
                                                    "self": 0.00013220000000000001,
                                                    "children": {
                                                        "_process_vector_observation": {
                                                            "total": 9.730000000000001e-05,
                                                            "count": 2,
                                                            "is_parallel": true,
                                                            "self": 9.730000000000001e-05
                                                        }
                                                    }
                                                },
                                                "UnityEnvironment.step": {
                                                    "total": 43.30648659999986,
                                                    "count": 9080,
                                                    "is_parallel": true,
                                                    "self": 0.5120732999996633,
                                                    "children": {
                                                        "UnityEnvironment._generate_step_input": {
                                                            "total": 0.3494117999999107,
                                                            "count": 9080,
                                                            "is_parallel": true,
                                                            "self": 0.3494117999999107
                                                        },
                                                        "communicator.exchange": {
                                                            "total": 40.84795300000014,
                                                            "count": 9080,
                                                            "is_parallel": true,
                                                            "self": 40.84795300000014
                                                        },
                                                        "steps_from_proto": {
                                                            "total": 1.5970485000001384,