{
    "name": "root",
    "metadata": {
        "timer_format_version": "0.1.0",
        "start_time_seconds": "1617256002",
        "python_version": "3.6.13 |Anaconda, Inc.| (default, Mar 16 2021, 11:37:27) [MSC v.1916 64 bit (AMD64)]",
        "command_line_arguments": "C:\\Users\\kai\\anaconda3\\envs\\ml-agents\\Scripts\\mlagents-learn config/Tetris_config.yaml --run-id=tetris5",
        "mlagents_version": "0.17.0",
        "mlagents_envs_version": "0.17.0",
        "communication_protocol_version": "1.0.0",
        "tensorflow_version": "2.4.1",
        "end_time_seconds": "1617256015"
    },
    "total": 13.0563395,
    "count": 1,
    "self": 0.0055637999999991194,
    "children": {
        "run_training.setup": {
            "total": 0.0068067,
            "count": 1,
            "self": 0.0068067
        },
        "TrainerController.start_learning": {
            "total": 13.043969,
            "count": 1,
            "self": 1.2786985999999683,
            "children": {
                "TrainerController._reset_env": {
                    "total": 6.1785114,
                    "count": 1,
                    "self": 6.1785114
                },
                "TrainerController.advance": {
                    "total": 5.38180780000003,
                    "count": 820,
                    "self": 0.007048300000044527,
                    "children": {
                        "env_step": {
                            "total": 5.3747594999999855,
                            "count": 820,
                            "self": 4.853298499999998,
                            "children": {
                                "SubprocessEnvManager._take_step": {
                                    "total": 0.5137432999999971,
                                    "count": 820,
                                    "self": 0.016601000000000532,
                                    "children": {
                                        "NNPolicy.evaluate": {
                                            "total": 0.4971422999999966,
                                            "count": 801,
                                            "self": 0.4971422999999966
                                        }
                                    }
                                },
                                "workers": {
                                    "total": 0.0077176999999899465,
                                    "count": 819,
                                    "self": 0.0,
                                    "children": {
                                        "worker_root": {
                                            "total": 6.487051800000003,
                                            "count": 819,
                                            "is_parallel": true,
                                            "self": 2.2559184999999955,
                                            "children": {
                                                "steps_from_proto": {
                                                    "total": 0.0002287,
                                                    "count": 1,
                                                    "is_parallel": true,
                                                    "self": 0.00013370000000000002,
                                                    "children": {
                                                        "_process_vector_observation": {
                                                            "total": 9.499999999999998e-05,
                                                            "count": 2,
                                                            "is_parallel": true,
                                                            "self": 9.499999999999998e-05
                                                        }
                                                    }
                                                },
                                                "UnityEnvironment.step": {
                                                    "total": 4.230904600000008,
                                                    "count": 819,
                                                    "is_parallel": true,
                                                    "self": 0.046187700000007936,
                                                    "children": {
                                                        "UnityEnvironment._generate_step_input": {
                                                            "total": 0.029837900000002415,
                                                            "count": 819,
                                                            "is_parallel": true,
                                                            "self": 0.029837900000002415
                                                        },
                                                        "communicator.exchange": {
                                                            "total": 4.012375500000011,
                                                            "count": 819,
                                                            "is_parallel": true,
                                                            "self": 4.012375500000011
                                                        },
                                                        "steps_from_proto": {
                                                            "total": 0.14250349999998657,
                                                            "count": 819,
                                                            "is_parallel": true,
                                                            "self": 0.08634379999997543,
                                                            "children": {
                                                                "_process_vector_observation": {
                                                                    "total": 0.05615970000001114,
                                                                    "count": 1638,
                                                                    "is_parallel": true,
                                                                    "self": 0.05615970000001114
                                                                }
                                                            }
                                                        }
                                                    }
                                                }
                                            }
                                        }
                                    }
                                }
                            }
                        }
                    }
                },
                "trainer_threads": {
                    "total": 1.5300000001161607e-05,
                    "count": 1,
                    "self": 1.5300000001161607e-05,
                    "children": {
                        "thread_root": {
                            "total": 0.0,
                            "count": 0,
                            "is_parallel": true,
                            "self": 0.0,
                            "children": {
                                "trainer_advance": {
                                    "total": 5.566756000000027,
                                    "count": 377,
                                    "is_parallel": true,
                                    "self": 0.01276980000002137,
                                    "children": {
                                        "process_trajectory": {
                                            "total": 5.553986200000006,
                                            "count": 377,