{"count":1,"self":417.7991168,"total":991.75175459999991,"children":{"InitializeSensors":{"count":1,"self":0.0019924,"total":0.0019924,"children":null},"AgentSendState":{"count":891801,"self":4.7478296,"total":6.571089,"children":{"CollectObservations":{"count":89181,"self":0.32173789999999997,"total":0.32173789999999997,"children":null},"CollectDiscreteActionMasks":{"count":89181,"self":0.09668779999999999,"total":0.09668779999999999,"children":null},"AgentInfo.ToProto":{"count":89181,"self":0.5157901,"total":1.4048337,"children":{"GenerateSensorData":{"count":89181,"self":0.88904359999999993,"total":0.88904359999999993,"children":null}}}}},"DecideAction":{"count":891801,"self":256.6299648,"total":256.62996599999997,"children":null},"AgentAct":{"count":891801,"self":310.606592,"total":310.7485968,"children":{"AgentInfo.ToProto":{"count":9568,"self":0.070079599999999992,"total":0.14199879999999998,"children":{"GenerateSensorData":{"count":9568,"self":0.0719192,"total":0.0719192,"children":null}}}}}},"gauges":{"RollerBall.CumulativeReward":{"count":9568,"max":2,"min":0,"runningAverage":0.96415174,"value":1,"weightedAverage":1.18223417}},"metadata":{"timer_format_version":"0.1.0","start_time_seconds":"1617274884","unity_version":"2019.4.4f1","command_line_arguments":"D:\\Unity\\2019.4.4f1\\Editor\\Unity.exe -projectpath C:\/Users\/kai\/Documents\/Unity\/MyML -useHub -hubIPC -cloudEnvironment production -hubSessionId 1c987ac0-9286-11eb-9186-0dbaa2748d6c -accessToken Iw1ltOth9upkk3xD1sfXFuE61D1HbE5g0jpixZoLST000ef","communication_protocol_version":"1.0.0","com.unity.ml-agents_version":"1.1.0-preview","scene_name":"SampleScene","end_time_seconds":"1617275875"}}