{
    "name": "root",
    "gauges": {
        "Tetris.Policy.Entropy.mean": {
            "value": 3.0288925170898438,
            "min": 3.0288925170898438,
            "max": 3.6075172424316406,
            "count": 7
        },
        "Tetris.Environment.EpisodeLength.mean": {
            "value": 29.545454545454547,
            "min": 29.545454545454547,
            "max": 33.06896551724138,
            "count": 7
        },
        "Tetris.Policy.ExtrinsicValueEstimate.mean": {
            "value": -1.0282001495361328,
            "min": -1.0499677658081055,
            "max": -0.7296335697174072,
            "count": 7
        },
        "Tetris.Environment.CumulativeReward.mean": {
            "value": -1.1580660722472451,
            "min": -1.2389584686607122,
            "max": -0.8686075895093381,
            "count": 7
        },
        "Tetris.Policy.ExtrinsicReward.mean": {
            "value": -1.1580660722472451,
            "min": -1.2389584686607122,
            "max": -0.8686075895093381,
            "count": 7
        },
        "Tetris.Losses.ValueLoss.mean": {
            "value": 0.14898887276649475,
            "min": 0.12653128802776337,
            "max": 2.1200947761535645,
            "count": 7
        },
        "Tetris.Losses.PolicyLoss.mean": {
            "value": 0.24660590291023254,
            "min": 0.23428352177143097,
            "max": 0.26806649565696716,
            "count": 7
        },
        "Tetris.Policy.LearningRate.mean": {
            "value": 0.00029610603814944625,
            "min": 0.00029610603814944625,
            "max": 0.0002996953553520143,
            "count": 7
        },
        "Tetris.Policy.Epsilon.mean": {
            "value": 0.19870200753211975,
            "min": 0.19870200753211975,
            "max": 0.19989843666553497,
            "count": 7
        },
        "Tetris.Policy.Beta.mean": {
            "value": 0.0004936397890560329,
            "min": 0.0004936397890560329,
            "max": 0.0004995024064555764,
            "count": 7
        },
        "Tetris.IsTraining.mean": {
            "value": 1.0,
            "min": 1.0,
            "max": 1.0,
            "count": 7
        }
    },
    "metadata": {
        "timer_format_version": "0.1.0",
        "start_time_seconds": "1617269600",
        "python_version": "3.6.13 |Anaconda, Inc.| (default, Mar 16 2021, 11:37:27) [MSC v.1916 64 bit (AMD64)]",
        "command_line_arguments": "C:\\Users\\kai\\anaconda3\\envs\\ml-agents\\Scripts\\mlagents-learn config/Tetris_config.yaml --run-id=Tetris50",
        "mlagents_version": "0.17.0",
        "mlagents_envs_version": "0.17.0",
        "communication_protocol_version": "1.0.0",
        "tensorflow_version": "2.4.1",
        "end_time_seconds": "1617269699"
    },
    "total": 98.4527322,
    "count": 1,
    "self": 0.003874699999997233,
    "children": {
        "run_training.setup": {
            "total": 0.0065537,
            "count": 1,
            "self": 0.0065537
        },
        "TrainerController.start_learning": {
            "total": 98.4423038,
            "count": 1,
            "self": 4.809623200000075,
            "children": {
                "TrainerController._reset_env": {
                    "total": 2.5403908,
                    "count": 1,
                    "self": 2.5403908
                },
                "TrainerController.advance": {
                    "total": 90.64979159999994,
                    "count": 7317,
                    "self": 0.08213370000024156,
                    "children": {
                        "env_step": {
                            "total": 90.5676578999997,
                            "count": 7317,
                            "self": 74.02969670000039,
                            "children": {
                                "SubprocessEnvManager._take_step": {
                                    "total": 16.41022019999957,
                                    "count": 7317,
                                    "self": 0.22260209999983616,
                                    "children": {
                                        "NNPolicy.evaluate": {
                                            "total": 16.187618099999735,
                                            "count": 7154,
                                            "self": 16.187618099999735
                                        }
                                    }
                                },
                                "workers": {
                                    "total": 0.12774099999975164,
                                    "count": 7316,
                                    "self": 0.0,
                                    "children": {
                                        "worker_root": {
                                            "total": 91.93459859999938,
                                            "count": 7316,
                                            "is_parallel": true,
                                            "self": 28.91499549999959,
                                            "children": {
                                                "steps_from_proto": {
                                                    "total": 0.0093124,
                                                    "count": 1,
                                                    "is_parallel": true,
                                                    "self": 0.0001981000000000014,
                                                    "children": {
                                                        "_process_visual_observation": {
                                                            "total": 0.009016099999999999,
                                                            "count": 2,
                                                            "is_parallel": true,
                                                            "self": 4.439999999999826e-05,
                                                            "children": {
                                                                "observation_to_np_array": {
                                                                    "total": 0.0089717,
                                                                    "count": 1,
                                                                    "is_parallel": true,
                                                                    "self": 1.9900000000001514e-05,
                                                                    "children": {
                                                                        "process_pixels": {
                                                                            "total": 0.0089518,
                                                                            "count": 1,
                                                                            "is_parallel": true,
                                                                            "self": 0.00024649999999999846,
                                                                            "children": {
                                                                                "image_decompress": {
                                                                                    "total": 0.008705300000000001,
                                                                                    "count": 1,
                                                                                    "is_parallel": true,