{
    "name": "root",
    "gauges": {
        "Tetris.Policy.Entropy.mean": {
            "value": 3.299306631088257,
            "min": 3.299306631088257,
            "max": 3.640578031539917,
            "count": 5
        },
        "Tetris.Environment.EpisodeLength.mean": {
            "value": 29.696969696969695,
            "min": 28.764705882352942,
            "max": 32.93103448275862,
            "count": 5
        },
        "Tetris.Policy.ExtrinsicValueEstimate.mean": {
            "value": 44.28800582885742,
            "min": 11.696100234985352,
            "max": 44.28800582885742,
            "count": 5
        },
        "Tetris.Environment.CumulativeReward.mean": {
            "value": 60.316635709820375,
            "min": 51.952514792933606,
            "max": 61.31773252487183,
            "count": 5
        },
        "Tetris.Policy.ExtrinsicReward.mean": {
            "value": 60.316635709820375,
            "min": 51.952514792933606,
            "max": 61.31773252487183,
            "count": 5
        },
        "Tetris.Losses.ValueLoss.mean": {
            "value": 471.5617980957031,
            "min": 471.5617980957031,
            "max": 1211.993408203125,
            "count": 5
        },
        "Tetris.Losses.PolicyLoss.mean": {
            "value": 0.2518848180770874,
            "min": 0.248557448387146,
            "max": 0.2551920413970947,
            "count": 5
        },
        "Tetris.Policy.LearningRate.mean": {
            "value": 0.000297317688819021,
            "min": 0.000297317688819021,
            "max": 0.0002996691328007728,
            "count": 5
        },
        "Tetris.Policy.Epsilon.mean": {
            "value": 0.1991058886051178,
            "min": 0.1991058886051178,
            "max": 0.19988971948623657,
            "count": 5
        },
        "Tetris.Policy.Beta.mean": {
            "value": 0.0004956188495270908,
            "min": 0.0004956188495270908,
            "max": 0.0004994595656171441,
            "count": 5
        },
        "Tetris.IsTraining.mean": {
            "value": 1.0,
            "min": 1.0,
            "max": 1.0,
            "count": 5
        }
    },
    "metadata": {
        "timer_format_version": "0.1.0",
        "start_time_seconds": "1617262581",
        "python_version": "3.6.13 |Anaconda, Inc.| (default, Mar 16 2021, 11:37:27) [MSC v.1916 64 bit (AMD64)]",
        "command_line_arguments": "C:\\Users\\kai\\anaconda3\\envs\\ml-agents\\Scripts\\mlagents-learn config/Tetris_config.yaml --run-id=Tetris34",
        "mlagents_version": "0.17.0",
        "mlagents_envs_version": "0.17.0",
        "communication_protocol_version": "1.0.0",
        "tensorflow_version": "2.4.1",
        "end_time_seconds": "1617262648"
    },
    "total": 67.40011750000001,
    "count": 1,
    "self": 0.004151400000012018,
    "children": {
        "run_training.setup": {
            "total": 0.006979999999999999,
            "count": 1,
            "self": 0.006979999999999999
        },
        "TrainerController.start_learning": {
            "total": 67.3889861,
            "count": 1,
            "self": 3.108043599999789,
            "children": {
                "TrainerController._reset_env": {
                    "total": 11.0427826,
                    "count": 1,
                    "self": 11.0427826
                },
                "TrainerController.advance": {
                    "total": 52.93467950000021,
                    "count": 5399,
                    "self": 0.050851900000253636,
                    "children": {
                        "env_step": {
                            "total": 52.883827599999954,
                            "count": 5399,
                            "self": 46.73977730000012,
                            "children": {
                                "SubprocessEnvManager._take_step": {
                                    "total": 6.065331799999752,
                                    "count": 5399,
                                    "self": 0.12480749999966712,
                                    "children": {
                                        "NNPolicy.evaluate": {
                                            "total": 5.940524300000085,
                                            "count": 5267,
                                            "self": 5.940524300000085
                                        }
                                    }
                                },
                                "workers": {
                                    "total": 0.07871850000008251,
                                    "count": 5398,
                                    "self": 0.0,
                                    "children": {
                                        "worker_root": {
                                            "total": 54.92785860000015,
                                            "count": 5398,
                                            "is_parallel": true,
                                            "self": 13.821001900000248,
                                            "children": {
                                                "steps_from_proto": {
                                                    "total": 0.007521099999999999,
                                                    "count": 1,
                                                    "is_parallel": true,
                                                    "self": 0.00014319999999999958,
                                                    "children": {
                                                        "_process_visual_observation": {
                                                            "total": 0.0073064,
                                                            "count": 2,
                                                            "is_parallel": true,
                                                            "self": 2.4300000000000536e-05,
                                                            "children": {
                                                                "observation_to_np_array": {
                                                                    "total": 0.0072821,
                                                                    "count": 1,
                                                                    "is_parallel": true,
                                                                    "self": 1.86999999999991e-05,
                                                                    "children": {
                                                                        "process_pixels": {
                                                                            "total": 0.007263400000000001,
                                                                            "count": 1,
                                                                            "is_parallel": true,
                                                                            "self": 0.00011830000000000087,
                                                                            "children": {
                                                                                "image_decompress": {
                                                                                    "total": 0.0071451,
                                                                                    "count": 1,
                                                                                    "is_parallel": true,