{
    "name": "root",
    "gauges": {
        "Tetris.Policy.Entropy.mean": {
            "value": 2.109088182449341,
            "min": 2.109088182449341,
            "max": 3.596322774887085,
            "count": 6
        },
        "Tetris.Environment.EpisodeLength.mean": {
            "value": 15.40983606557377,
            "min": 15.40983606557377,
            "max": 29.96875,
            "count": 6
        },
        "Tetris.Policy.ExtrinsicValueEstimate.mean": {
            "value": -18.77300453186035,
            "min": -19.63242530822754,
            "max": -2.1847195625305176,
            "count": 6
        },
        "Tetris.Environment.CumulativeReward.mean": {
            "value": 3.983115170822769,
            "min": -31.93908836624839,
            "max": 3.983115170822769,
            "count": 6
        },
        "Tetris.Policy.ExtrinsicReward.mean": {
            "value": 3.983115170822769,
            "min": -31.93908836624839,
            "max": 3.983115170822769,
            "count": 6
        },
        "Tetris.Losses.ValueLoss.mean": {
            "value": 355.8497009277344,
            "min": 355.8497009277344,
            "max": 2490.774658203125,
            "count": 6
        },
        "Tetris.Losses.PolicyLoss.mean": {
            "value": 0.24792799353599548,
            "min": 0.23864346742630005,
            "max": 0.2572707533836365,
            "count": 6
        },
        "Tetris.Policy.LearningRate.mean": {
            "value": 0.00029670126968994737,
            "min": 0.00029670126968994737,
            "max": 0.00029969183378852904,
            "count": 6
        },
        "Tetris.Policy.Epsilon.mean": {
            "value": 0.19890043139457703,
            "min": 0.19890043139457703,
            "max": 0.19989727437496185,
            "count": 6
        },
        "Tetris.Policy.Beta.mean": {
            "value": 0.0004946120316162705,
            "min": 0.0004946120316162705,
            "max": 0.0004994967021048069,
            "count": 6
        },
        "Tetris.IsTraining.mean": {
            "value": 1.0,
            "min": 1.0,
            "max": 1.0,
            "count": 6
        }
    },
    "metadata": {
        "timer_format_version": "0.1.0",
        "start_time_seconds": "1617257784",
        "python_version": "3.6.13 |Anaconda, Inc.| (default, Mar 16 2021, 11:37:27) [MSC v.1916 64 bit (AMD64)]",
        "command_line_arguments": "C:\\Users\\kai\\anaconda3\\envs\\ml-agents\\Scripts\\mlagents-learn config/Tetris_config.yaml --run-id=Tetris19",
        "mlagents_version": "0.17.0",
        "mlagents_envs_version": "0.17.0",
        "communication_protocol_version": "1.0.0",
        "tensorflow_version": "2.4.1",
        "end_time_seconds": "1617257828"
    },
    "total": 43.8055533,
    "count": 1,
    "self": 0.0076229999999952724,
    "children": {
        "run_training.setup": {
            "total": 0.0063314999999999995,
            "count": 1,
            "self": 0.0063314999999999995
        },
        "TrainerController.start_learning": {
            "total": 43.7915988,
            "count": 1,
            "self": 2.516117300000026,
            "children": {
                "TrainerController._reset_env": {
                    "total": 3.0380708000000003,
                    "count": 1,
                    "self": 3.0380708000000003
                },
                "TrainerController.advance": {
                    "total": 38.03749619999997,
                    "count": 6338,
                    "self": 0.05226819999994348,
                    "children": {
                        "env_step": {
                            "total": 37.98522800000003,
                            "count": 6338,
                            "self": 34.07416539999983,
                            "children": {
                                "SubprocessEnvManager._take_step": {
                                    "total": 3.850579200000322,
                                    "count": 6338,
                                    "self": 0.12254280000046691,
                                    "children": {
                                        "NNPolicy.evaluate": {
                                            "total": 3.728036399999855,
                                            "count": 6137,
                                            "self": 3.728036399999855
                                        }
                                    }
                                },
                                "workers": {
                                    "total": 0.06048339999987995,
                                    "count": 6337,
                                    "self": 0.0,
                                    "children": {
                                        "worker_root": {
                                            "total": 40.294926499999995,
                                            "count": 6337,
                                            "is_parallel": true,
                                            "self": 10.9632559000001,
                                            "children": {
                                                "steps_from_proto": {
                                                    "total": 0.0002293,
                                                    "count": 1,
                                                    "is_parallel": true,
                                                    "self": 0.00012959999999999998,
                                                    "children": {
                                                        "_process_vector_observation": {
                                                            "total": 9.970000000000001e-05,
                                                            "count": 2,
                                                            "is_parallel": true,
                                                            "self": 9.970000000000001e-05
                                                        }
                                                    }
                                                },
                                                "UnityEnvironment.step": {
                                                    "total": 29.331441299999895,
                                                    "count": 6337,
                                                    "is_parallel": true,
                                                    "self": 0.3528457999998764,
                                                    "children": {
                                                        "UnityEnvironment._generate_step_input": {
                                                            "total": 0.2306260000000463,
                                                            "count": 6337,
                                                            "is_parallel": true,
                                                            "self": 0.2306260000000463
                                                        },
                                                        "communicator.exchange": {
                                                            "total": 27.65158969999995,
                                                            "count": 6337,
                                                            "is_parallel": true,
                                                            "self": 27.65158969999995
                                                        },
                                                        "steps_from_proto": {
                                                            "total": 1.0963798000000227,
                                                            "count": 6337,