{
    "name": "root",
    "gauges": {
        "Tetris.Policy.Entropy.mean": {
            "value": 2.922020673751831,
            "min": 2.922020673751831,
            "max": 3.646629571914673,
            "count": 7
        },
        "Tetris.Environment.EpisodeLength.mean": {
            "value": 31.838709677419356,
            "min": 28.558823529411764,
            "max": 32.48275862068966,
            "count": 7
        },
        "Tetris.Policy.ExtrinsicValueEstimate.mean": {
            "value": 0.02568660117685795,
            "min": 0.01264066994190216,
            "max": 0.04858177527785301,
            "count": 7
        },
        "Tetris.Environment.CumulativeReward.mean": {
            "value": 0.05823020312574602,
            "min": 0.04765463824151084,
            "max": 0.05823020312574602,
            "count": 7
        },
        "Tetris.Policy.ExtrinsicReward.mean": {
            "value": 0.05823020312574602,
            "min": 0.04765463824151084,
            "max": 0.05823020312574602,
            "count": 7
        },
        "Tetris.Losses.ValueLoss.mean": {
            "value": 0.00040932040428742766,
            "min": 0.0002345772081753239,
            "max": 0.0019929998088628054,
            "count": 7
        },
        "Tetris.Losses.PolicyLoss.mean": {
            "value": 0.23523548245429993,
            "min": 0.22532552480697632,
            "max": 0.24449491500854492,
            "count": 7
        },
        "Tetris.Policy.LearningRate.mean": {
            "value": 0.0002961040008813143,
            "min": 0.0002961040008813143,
            "max": 0.0002996681141667068,
            "count": 7
        },
        "Tetris.Policy.Epsilon.mean": {
            "value": 0.19870132207870483,
            "min": 0.19870132207870483,
            "max": 0.1998893767595291,
            "count": 7
        },
        "Tetris.Policy.Beta.mean": {
            "value": 0.0004936365294270217,
            "min": 0.0004936365294270217,
            "max": 0.0004994579358026385,
            "count": 7
        },
        "Tetris.IsTraining.mean": {
            "value": 1.0,
            "min": 1.0,
            "max": 1.0,
            "count": 7
        }
    },
    "metadata": {
        "timer_format_version": "0.1.0",
        "start_time_seconds": "1617256599",
        "python_version": "3.6.13 |Anaconda, Inc.| (default, Mar 16 2021, 11:37:27) [MSC v.1916 64 bit (AMD64)]",
        "command_line_arguments": "C:\\Users\\kai\\anaconda3\\envs\\ml-agents\\Scripts\\mlagents-learn config/Tetris_config.yaml --run-id=Tetris12",
        "mlagents_version": "0.17.0",
        "mlagents_envs_version": "0.17.0",
        "communication_protocol_version": "1.0.0",
        "tensorflow_version": "2.4.1",
        "end_time_seconds": "1617256650"
    },
    "total": 51.2242178,
    "count": 1,
    "self": 0.0037599999999997635,
    "children": {
        "run_training.setup": {
            "total": 0.006319999999999999,
            "count": 1,
            "self": 0.006319999999999999
        },
        "TrainerController.start_learning": {
            "total": 51.214137799999996,
            "count": 1,
            "self": 2.8179390000000524,
            "children": {
                "TrainerController._reset_env": {
                    "total": 2.5501552000000003,
                    "count": 1,
                    "self": 2.5501552000000003
                },
                "TrainerController.advance": {
                    "total": 45.64891089999995,
                    "count": 7544,
                    "self": 0.06712650000007869,
                    "children": {
                        "env_step": {
                            "total": 45.58178439999987,
                            "count": 7544,
                            "self": 40.77989509999966,
                            "children": {
                                "SubprocessEnvManager._take_step": {
                                    "total": 4.728429400000206,
                                    "count": 7544,
                                    "self": 0.14965360000019245,
                                    "children": {
                                        "NNPolicy.evaluate": {
                                            "total": 4.578775800000013,
                                            "count": 7371,
                                            "self": 4.578775800000013
                                        }
                                    }
                                },
                                "workers": {
                                    "total": 0.07345990000000091,
                                    "count": 7543,
                                    "self": 0.0,
                                    "children": {
                                        "worker_root": {
                                            "total": 48.19241609999966,
                                            "count": 7543,
                                            "is_parallel": true,
                                            "self": 13.195310199999838,
                                            "children": {
                                                "steps_from_proto": {
                                                    "total": 0.0002262,
                                                    "count": 1,
                                                    "is_parallel": true,
                                                    "self": 0.00012480000000000002,
                                                    "children": {
                                                        "_process_vector_observation": {
                                                            "total": 0.00010139999999999997,
                                                            "count": 2,
                                                            "is_parallel": true,
                                                            "self": 0.00010139999999999997
                                                        }
                                                    }
                                                },
                                                "UnityEnvironment.step": {
                                                    "total": 34.99687969999982,
                                                    "count": 7543,
                                                    "is_parallel": true,
                                                    "self": 0.42815579999903264,
                                                    "children": {
                                                        "UnityEnvironment._generate_step_input": {
                                                            "total": 0.2891707000002528,
                                                            "count": 7543,
                                                            "is_parallel": true,
                                                            "self": 0.2891707000002528
                                                        },
                                                        "communicator.exchange": {
                                                            "total": 32.93816720000027,
                                                            "count": 7543,
                                                            "is_parallel": true,
                                                            "self": 32.93816720000027
                                                        },
                                                        "steps_from_proto": {
                                                            "total": 1.3413860000002598,