{
    "name": "root",
    "gauges": {
        "Tetris.Policy.Entropy.mean": {
            "value": 3.424760580062866,
            "min": 3.424760580062866,
            "max": 3.6088109016418457,
            "count": 3
        },
        "Tetris.Environment.EpisodeLength.mean": {
            "value": 28.61764705882353,
            "min": 28.61764705882353,
            "max": 31.419354838709676,
            "count": 3
        },
        "Tetris.Policy.ExtrinsicValueEstimate.mean": {
            "value": 83.41748809814453,
            "min": 30.034311294555664,
            "max": 83.41748809814453,
            "count": 3
        },
        "Tetris.Environment.CumulativeReward.mean": {
            "value": 100.0556827993954,
            "min": 98.88290697733561,
            "max": 104.32038116455078,
            "count": 3
        },
        "Tetris.Policy.ExtrinsicReward.mean": {
            "value": 100.0556827993954,
            "min": 98.88290697733561,
            "max": 104.32038116455078,
            "count": 3
        },
        "Tetris.Losses.ValueLoss.mean": {
            "value": 242.88497924804688,
            "min": 242.88497924804688,
            "max": 2387.234619140625,
            "count": 3
        },
        "Tetris.Losses.PolicyLoss.mean": {
            "value": 0.24448400735855103,
            "min": 0.24425694346427917,
            "max": 0.24448400735855103,
            "count": 3
        },
        "Tetris.Policy.LearningRate.mean": {
            "value": 0.00029848946724087,
            "min": 0.00029848946724087,
            "max": 0.0002996796974912286,
            "count": 3
        },
        "Tetris.Policy.Epsilon.mean": {
            "value": 0.19949647784233093,
            "min": 0.19949647784233093,
            "max": 0.19989323616027832,
            "count": 3
        },
        "Tetris.Policy.Beta.mean": {
            "value": 0.0004975327756255865,
            "min": 0.0004975327756255865,
            "max": 0.0004994767950847745,
            "count": 3
        },
        "Tetris.IsTraining.mean": {
            "value": 1.0,
            "min": 1.0,
            "max": 1.0,
            "count": 3
        }
    },
    "metadata": {
        "timer_format_version": "0.1.0",
        "start_time_seconds": "1617262122",
        "python_version": "3.6.13 |Anaconda, Inc.| (default, Mar 16 2021, 11:37:27) [MSC v.1916 64 bit (AMD64)]",
        "command_line_arguments": "C:\\Users\\kai\\anaconda3\\envs\\ml-agents\\Scripts\\mlagents-learn config/Tetris_config.yaml --run-id=Tetris30",
        "mlagents_version": "0.17.0",
        "mlagents_envs_version": "0.17.0",
        "communication_protocol_version": "1.0.0",
        "tensorflow_version": "2.4.1",
        "end_time_seconds": "1617262156"
    },
    "total": 33.2847582,
    "count": 1,
    "self": 0.004026000000003194,
    "children": {
        "run_training.setup": {
            "total": 0.0067385,
            "count": 1,
            "self": 0.0067385
        },
        "TrainerController.start_learning": {
            "total": 33.2739937,
            "count": 1,
            "self": 2.689329700000087,
            "children": {
                "TrainerController._reset_env": {
                    "total": 4.136822,
                    "count": 1,
                    "self": 4.136822
                },
                "TrainerController.advance": {
                    "total": 26.18783149999992,
                    "count": 3297,
                    "self": 0.0309407999999749,
                    "children": {
                        "env_step": {
                            "total": 26.156890699999945,
                            "count": 3297,
                            "self": 22.289468799999987,
                            "children": {
                                "SubprocessEnvManager._take_step": {
                                    "total": 3.8195972999999475,
                                    "count": 3297,
                                    "self": 0.07363329999994228,
                                    "children": {
                                        "NNPolicy.evaluate": {
                                            "total": 3.745964000000005,
                                            "count": 3224,
                                            "self": 3.745964000000005
                                        }
                                    }
                                },
                                "workers": {
                                    "total": 0.047824600000010875,
                                    "count": 3296,
                                    "self": 0.0,
                                    "children": {
                                        "worker_root": {
                                            "total": 28.575916700000068,
                                            "count": 3296,
                                            "is_parallel": true,
                                            "self": 9.36826390000013,
                                            "children": {
                                                "steps_from_proto": {
                                                    "total": 0.029691,
                                                    "count": 1,
                                                    "is_parallel": true,
                                                    "self": 0.00019889999999999491,
                                                    "children": {
                                                        "_process_visual_observation": {
                                                            "total": 0.0293875,
                                                            "count": 2,
                                                            "is_parallel": true,
                                                            "self": 3.44000000000004e-05,
                                                            "children": {
                                                                "observation_to_np_array": {
                                                                    "total": 0.0293531,
                                                                    "count": 1,
                                                                    "is_parallel": true,
                                                                    "self": 2.9100000000000653e-05,
                                                                    "children": {
                                                                        "process_pixels": {
                                                                            "total": 0.029324,
                                                                            "count": 1,
                                                                            "is_parallel": true,
                                                                            "self": 0.0006676000000000008,
                                                                            "children": {
                                                                                "image_decompress": {
                                                                                    "total": 0.0286564,
                                                                                    "count": 1,
                                                                                    "is_parallel": true,