{
    "name": "root",
    "gauges": {
        "Tetris.Policy.Entropy.mean": {
            "value": 3.2144765853881836,
            "min": 3.2144765853881836,
            "max": 3.631695508956909,
            "count": 4
        },
        "Tetris.Environment.EpisodeLength.mean": {
            "value": 29.5625,
            "min": 29.03030303030303,
            "max": 30.96875,
            "count": 4
        },
        "Tetris.Policy.ExtrinsicValueEstimate.mean": {
            "value": 0.08807645738124847,
            "min": 0.062027934938669205,
            "max": 0.09399417042732239,
            "count": 4
        },
        "Tetris.Environment.CumulativeReward.mean": {
            "value": 0.38090627058409154,
            "min": 0.33960608009136084,
            "max": 0.42918751761317253,
            "count": 4
        },
        "Tetris.Policy.ExtrinsicReward.mean": {
            "value": 0.38090627058409154,
            "min": 0.33960608009136084,
            "max": 0.42918751761317253,
            "count": 4
        },
        "Tetris.Losses.ValueLoss.mean": {
            "value": 0.00582016771659255,
            "min": 0.004806546960026026,
            "max": 0.007354965433478355,
            "count": 4
        },
        "Tetris.Losses.PolicyLoss.mean": {
            "value": 0.2445686161518097,
            "min": 0.2261161506175995,
            "max": 0.2522083520889282,
            "count": 4
        },
        "Tetris.Policy.LearningRate.mean": {
            "value": 0.00029787252424284816,
            "min": 0.00029787252424284816,
            "max": 0.0002996728289872408,
            "count": 4
        },
        "Tetris.Policy.Epsilon.mean": {
            "value": 0.19929084181785583,
            "min": 0.19929084181785583,
            "max": 0.19989094138145447,
            "count": 4
        },
        "Tetris.Policy.Beta.mean": {
            "value": 0.0004965250845998526,
            "min": 0.0004965250845998526,
            "max": 0.0004994656192138791,
            "count": 4
        },
        "Tetris.IsTraining.mean": {
            "value": 1.0,
            "min": 1.0,
            "max": 1.0,
            "count": 4
        }
    },
    "metadata": {
        "timer_format_version": "0.1.0",
        "start_time_seconds": "1617270179",
        "python_version": "3.6.13 |Anaconda, Inc.| (default, Mar 16 2021, 11:37:27) [MSC v.1916 64 bit (AMD64)]",
        "command_line_arguments": "C:\\Users\\kai\\anaconda3\\envs\\ml-agents\\Scripts\\mlagents-learn config/Tetris_config.yaml --run-id=Tetris56",
        "mlagents_version": "0.17.0",
        "mlagents_envs_version": "0.17.0",
        "communication_protocol_version": "1.0.0",
        "tensorflow_version": "2.4.1",
        "end_time_seconds": "1617270246"
    },
    "total": 66.6198421,
    "count": 1,
    "self": 0.0036466999999902328,
    "children": {
        "run_training.setup": {
            "total": 0.0065452,
            "count": 1,
            "self": 0.0065452
        },
        "TrainerController.start_learning": {
            "total": 66.6096502,
            "count": 1,
            "self": 4.4574628000000445,
            "children": {
                "TrainerController._reset_env": {
                    "total": 2.5729176,
                    "count": 1,
                    "self": 2.5729176
                },
                "TrainerController.advance": {
                    "total": 59.13194349999996,
                    "count": 5070,
                    "self": 0.06131299999967155,
                    "children": {
                        "env_step": {
                            "total": 59.07063050000029,
                            "count": 5070,
                            "self": 47.08908400000038,
                            "children": {
                                "SubprocessEnvManager._take_step": {
                                    "total": 11.89103409999984,
                                    "count": 5070,
                                    "self": 0.15883110000006262,
                                    "children": {
                                        "NNPolicy.evaluate": {
                                            "total": 11.732202999999778,
                                            "count": 4951,
                                            "self": 11.732202999999778
                                        }
                                    }
                                },
                                "workers": {
                                    "total": 0.09051240000006988,
                                    "count": 5069,
                                    "self": 0.0,
                                    "children": {
                                        "worker_root": {
                                            "total": 62.53442189999989,
                                            "count": 5069,
                                            "is_parallel": true,
                                            "self": 21.331766699999747,
                                            "children": {
                                                "steps_from_proto": {
                                                    "total": 0.010336099999999999,
                                                    "count": 1,
                                                    "is_parallel": true,
                                                    "self": 0.00014949999999999686,
                                                    "children": {
                                                        "_process_visual_observation": {
                                                            "total": 0.010037,
                                                            "count": 2,
                                                            "is_parallel": true,
                                                            "self": 2.549999999999948e-05,
                                                            "children": {
                                                                "observation_to_np_array": {
                                                                    "total": 0.010011500000000001,
                                                                    "count": 1,
                                                                    "is_parallel": true,
                                                                    "self": 2.2799999999999904e-05,
                                                                    "children": {
                                                                        "process_pixels": {
                                                                            "total": 0.009988700000000001,
                                                                            "count": 1,
                                                                            "is_parallel": true,
                                                                            "self": 0.0001470000000000013,
                                                                            "children": {
                                                                                "image_decompress": {
                                                                                    "total": 0.0098417,
                                                                                    "count": 1,
                                                                                    "is_parallel": true,