{
    "name": "root",
    "gauges": {
        "Tetris.Policy.Entropy.mean": {
            "value": 3.171422004699707,
            "min": 3.171422004699707,
            "max": 3.654059886932373,
            "count": 3
        },
        "Tetris.Environment.EpisodeLength.mean": {
            "value": 30.21875,
            "min": 28.90909090909091,
            "max": 30.6875,
            "count": 3
        },
        "Tetris.Policy.ExtrinsicValueEstimate.mean": {
            "value": -0.03761673718690872,
            "min": -0.03761673718690872,
            "max": -0.008595524355769157,
            "count": 3
        },
        "Tetris.Environment.CumulativeReward.mean": {
            "value": 0.05018750764429569,
            "min": 0.047333339737220245,
            "max": 0.05283871545426307,
            "count": 3
        },
        "Tetris.Policy.ExtrinsicReward.mean": {
            "value": 0.05018750764429569,
            "min": 0.047333339737220245,
            "max": 0.05283871545426307,
            "count": 3
        },
        "Tetris.Losses.ValueLoss.mean": {
            "value": 0.0007722535519860685,
            "min": 0.0007200372638180852,
            "max": 0.001179823069833219,
            "count": 3
        },
        "Tetris.Losses.PolicyLoss.mean": {
            "value": 0.2439737319946289,
            "min": 0.2439737319946289,
            "max": 0.26873159408569336,
            "count": 3
        },
        "Tetris.Policy.LearningRate.mean": {
            "value": 0.00029850570717826486,
            "min": 0.00029850570717826486,
            "max": 0.00029968394665047526,
            "count": 3
        },
        "Tetris.Policy.Epsilon.mean": {
            "value": 0.1995019018650055,
            "min": 0.1995019018650055,
            "max": 0.19989465177059174,
            "count": 3
        },
        "Tetris.Policy.Beta.mean": {
            "value": 0.000497559318318963,
            "min": 0.000497559318318963,
            "max": 0.0004994837800040841,
            "count": 3
        },
        "Tetris.IsTraining.mean": {
            "value": 1.0,
            "min": 1.0,
            "max": 1.0,
            "count": 3
        }
    },
    "metadata": {
        "timer_format_version": "0.1.0",
        "start_time_seconds": "1617270041",
        "python_version": "3.6.13 |Anaconda, Inc.| (default, Mar 16 2021, 11:37:27) [MSC v.1916 64 bit (AMD64)]",
        "command_line_arguments": "C:\\Users\\kai\\anaconda3\\envs\\ml-agents\\Scripts\\mlagents-learn config/Tetris_config.yaml --run-id=Tetris54",
        "mlagents_version": "0.17.0",
        "mlagents_envs_version": "0.17.0",
        "communication_protocol_version": "1.0.0",
        "tensorflow_version": "2.4.1",
        "end_time_seconds": "1617270085"
    },
    "total": 44.5459082,
    "count": 1,
    "self": 0.003822700000000623,
    "children": {
        "run_training.setup": {
            "total": 0.0064485,
            "count": 1,
            "self": 0.0064485
        },
        "TrainerController.start_learning": {
            "total": 44.535637,
            "count": 1,
            "self": 3.7357246999998566,
            "children": {
                "TrainerController._reset_env": {
                    "total": 2.5185516,
                    "count": 1,
                    "self": 2.5185516
                },
                "TrainerController.advance": {
                    "total": 37.82409500000014,
                    "count": 3202,
                    "self": 0.03711050000030269,
                    "children": {
                        "env_step": {
                            "total": 37.78698449999984,
                            "count": 3202,
                            "self": 30.239972099999676,
                            "children": {
                                "SubprocessEnvManager._take_step": {
                                    "total": 7.491524300000133,
                                    "count": 3202,
                                    "self": 0.09953180000001893,
                                    "children": {
                                        "NNPolicy.evaluate": {
                                            "total": 7.391992500000114,
                                            "count": 3121,
                                            "self": 7.391992500000114
                                        }
                                    }
                                },
                                "workers": {
                                    "total": 0.05548810000003179,
                                    "count": 3201,
                                    "self": 0.0,
                                    "children": {
                                        "worker_root": {
                                            "total": 40.619798899999914,
                                            "count": 3201,
                                            "is_parallel": true,
                                            "self": 14.202130699999937,
                                            "children": {
                                                "steps_from_proto": {
                                                    "total": 0.0090771,
                                                    "count": 1,
                                                    "is_parallel": true,
                                                    "self": 0.00016250000000000119,
                                                    "children": {
                                                        "_process_visual_observation": {
                                                            "total": 0.008802299999999999,
                                                            "count": 2,
                                                            "is_parallel": true,
                                                            "self": 3.799999999999984e-05,
                                                            "children": {
                                                                "observation_to_np_array": {
                                                                    "total": 0.0087643,
                                                                    "count": 1,
                                                                    "is_parallel": true,
                                                                    "self": 3.679999999999829e-05,
                                                                    "children": {
                                                                        "process_pixels": {
                                                                            "total": 0.008727500000000001,
                                                                            "count": 1,
                                                                            "is_parallel": true,
                                                                            "self": 0.00025780000000000074,
                                                                            "children": {
                                                                                "image_decompress": {
                                                                                    "total": 0.0084697,
                                                                                    "count": 1,
                                                                                    "is_parallel": true,