{
    "name": "root",
    "metadata": {
        "timer_format_version": "0.1.0",
        "start_time_seconds": "1617256189",
        "python_version": "3.6.13 |Anaconda, Inc.| (default, Mar 16 2021, 11:37:27) [MSC v.1916 64 bit (AMD64)]",
        "command_line_arguments": "C:\\Users\\kai\\anaconda3\\envs\\ml-agents\\Scripts\\mlagents-learn config/rollerball_config.yaml --run-id=RollerBall8",
        "mlagents_version": "0.17.0",
        "mlagents_envs_version": "0.17.0",
        "communication_protocol_version": "1.0.0",
        "tensorflow_version": "2.4.1",
        "end_time_seconds": "1617256203"
    },
    "total": 14.3130912,
    "count": 1,
    "self": 0.0042445000000004285,
    "children": {
        "run_training.setup": {
            "total": 0.0066349,
            "count": 1,
            "self": 0.0066349
        },
        "TrainerController.start_learning": {
            "total": 14.3022118,
            "count": 1,
            "self": 1.1808406000000158,
            "children": {
                "TrainerController._reset_env": {
                    "total": 2.8025984999999998,
                    "count": 1,
                    "self": 2.8025984999999998
                },
                "TrainerController.advance": {
                    "total": 10.184540299999986,
                    "count": 938,
                    "self": 0.008462299999992595,
                    "children": {
                        "env_step": {
                            "total": 10.176077999999993,
                            "count": 938,
                            "self": 9.550148899999998,
                            "children": {
                                "SubprocessEnvManager._take_step": {
                                    "total": 0.616105099999976,
                                    "count": 938,
                                    "self": 0.01905879999998561,
                                    "children": {
                                        "NNPolicy.evaluate": {
                                            "total": 0.5970462999999904,
                                            "count": 891,
                                            "self": 0.5970462999999904
                                        }
                                    }
                                },
                                "workers": {
                                    "total": 0.00982400000001915,
                                    "count": 937,
                                    "self": 0.0,
                                    "children": {
                                        "worker_root": {
                                            "total": 11.22492169999998,
                                            "count": 937,
                                            "is_parallel": true,
                                            "self": 2.400953899999976,
                                            "children": {
                                                "steps_from_proto": {
                                                    "total": 0.0001604,
                                                    "count": 1,
                                                    "is_parallel": true,
                                                    "self": 6.440000000000001e-05,
                                                    "children": {
                                                        "_process_vector_observation": {
                                                            "total": 9.599999999999999e-05,
                                                            "count": 2,
                                                            "is_parallel": true,
                                                            "self": 9.599999999999999e-05
                                                        }
                                                    }
                                                },
                                                "UnityEnvironment.step": {
                                                    "total": 8.823807400000003,
                                                    "count": 937,
                                                    "is_parallel": true,
                                                    "self": 0.05842240000000132,
                                                    "children": {
                                                        "UnityEnvironment._generate_step_input": {
                                                            "total": 0.03582430000002623,
                                                            "count": 937,
                                                            "is_parallel": true,
                                                            "self": 0.03582430000002623
                                                        },
                                                        "communicator.exchange": {
                                                            "total": 8.60081639999998,
                                                            "count": 937,
                                                            "is_parallel": true,
                                                            "self": 8.60081639999998
                                                        },
                                                        "steps_from_proto": {
                                                            "total": 0.12874429999999604,
                                                            "count": 937,
                                                            "is_parallel": true,
                                                            "self": 0.05471660000000189,
                                                            "children": {
                                                                "_process_vector_observation": {
                                                                    "total": 0.07402769999999415,
                                                                    "count": 1874,
                                                                    "is_parallel": true,
                                                                    "self": 0.07402769999999415
                                                                }
                                                            }
                                                        }
                                                    }
                                                }
                                            }
                                        }
                                    }
                                }
                            }
                        }
                    }
                },
                "trainer_threads": {
                    "total": 1.799999999896329e-05,
                    "count": 1,
                    "self": 1.799999999896329e-05,
                    "children": {
                        "thread_root": {
                            "total": 0.0,
                            "count": 0,
                            "is_parallel": true,
                            "self": 0.0,
                            "children": {
                                "trainer_advance": {
                                    "total": 10.399758500000022,
                                    "count": 688,
                                    "is_parallel": true,
                                    "self": 0.02179010000000048,
                                    "children": {
                                        "process_trajectory": {
                                            "total": 9.970692800000023,