{
    "name": "root",
    "gauges": {
        "Tetris.Policy.Entropy.mean": {
            "value": 1.3244990110397339,
            "min": 1.3244990110397339,
            "max": 3.6818623542785645,
            "count": 9
        },
        "Tetris.Environment.EpisodeLength.mean": {
            "value": 11.209876543209877,
            "min": 11.209876543209877,
            "max": 31.806451612903224,
            "count": 9
        },
        "Tetris.Policy.ExtrinsicValueEstimate.mean": {
            "value": 2.0287158489227295,
            "min": -23.952983856201172,
            "max": 2.0287158489227295,
            "count": 9
        },
        "Tetris.Environment.CumulativeReward.mean": {
            "value": -41.39641754715531,
            "min": -174.51932474772136,
            "max": -41.39641754715531,
            "count": 9
        },
        "Tetris.Policy.ExtrinsicReward.mean": {
            "value": -41.39641754715531,
            "min": -174.51932474772136,
            "max": -41.39641754715531,
            "count": 9
        },
        "Tetris.Losses.ValueLoss.mean": {
            "value": 180.20217895507812,
            "min": 180.20217895507812,
            "max": 6391.81689453125,
            "count": 9
        },
        "Tetris.Losses.PolicyLoss.mean": {
            "value": 0.23141996562480927,
            "min": 0.22742128372192383,
            "max": 0.25248780846595764,
            "count": 9
        },
        "Tetris.Policy.LearningRate.mean": {
            "value": 0.0002949028857983649,
            "min": 0.0002949028857983649,
            "max": 0.00029969122260808945,
            "count": 9
        },
        "Tetris.Policy.Epsilon.mean": {
            "value": 0.19830097258090973,
            "min": 0.19830097258090973,
            "max": 0.19989708065986633,
            "count": 9
        },
        "Tetris.Policy.Beta.mean": {
            "value": 0.0004916746984235942,
            "min": 0.0004916746984235942,
            "max": 0.0004994957125745714,
            "count": 9
        },
        "Tetris.IsTraining.mean": {
            "value": 1.0,
            "min": 1.0,
            "max": 1.0,
            "count": 9
        }
    },
    "metadata": {
        "timer_format_version": "0.1.0",
        "start_time_seconds": "1617261455",
        "python_version": "3.6.13 |Anaconda, Inc.| (default, Mar 16 2021, 11:37:27) [MSC v.1916 64 bit (AMD64)]",
        "command_line_arguments": "C:\\Users\\kai\\anaconda3\\envs\\ml-agents\\Scripts\\mlagents-learn config/Tetris_config.yaml --run-id=Tetris28",
        "mlagents_version": "0.17.0",
        "mlagents_envs_version": "0.17.0",
        "communication_protocol_version": "1.0.0",
        "tensorflow_version": "2.4.1",
        "end_time_seconds": "1617261523"
    },
    "total": 67.8994153,
    "count": 1,
    "self": 0.0035917000000011967,
    "children": {
        "run_training.setup": {
            "total": 0.0068849,
            "count": 1,
            "self": 0.0068849
        },
        "TrainerController.start_learning": {
            "total": 67.8889387,
            "count": 1,
            "self": 3.377944499999799,
            "children": {
                "TrainerController._reset_env": {
                    "total": 2.1699318,
                    "count": 1,
                    "self": 2.1699318
                },
                "TrainerController.advance": {
                    "total": 62.17136170000019,
                    "count": 9618,
                    "self": 0.07801350000018914,
                    "children": {
                        "env_step": {
                            "total": 62.0933482,
                            "count": 9618,
                            "self": 56.08455229999973,
                            "children": {
                                "SubprocessEnvManager._take_step": {
                                    "total": 5.916009700000188,
                                    "count": 9618,
                                    "self": 0.19024450000075355,
                                    "children": {
                                        "NNPolicy.evaluate": {
                                            "total": 5.725765199999435,
                                            "count": 9221,
                                            "self": 5.725765199999435
                                        }
                                    }
                                },
                                "workers": {
                                    "total": 0.09278620000008031,
                                    "count": 9617,
                                    "self": 0.0,
                                    "children": {
                                        "worker_root": {
                                            "total": 65.23750229999986,
                                            "count": 9617,
                                            "is_parallel": true,
                                            "self": 16.468819299999893,
                                            "children": {
                                                "steps_from_proto": {
                                                    "total": 0.0002505,
                                                    "count": 1,
                                                    "is_parallel": true,
                                                    "self": 0.00012910000000000002,
                                                    "children": {
                                                        "_process_vector_observation": {
                                                            "total": 0.0001214,
                                                            "count": 2,
                                                            "is_parallel": true,
                                                            "self": 0.0001214
                                                        }
                                                    }
                                                },
                                                "UnityEnvironment.step": {
                                                    "total": 48.76843249999997,
                                                    "count": 9617,
                                                    "is_parallel": true,
                                                    "self": 0.585799899999472,
                                                    "children": {
                                                        "UnityEnvironment._generate_step_input": {
                                                            "total": 0.33880290000006785,
                                                            "count": 9617,
                                                            "is_parallel": true,
                                                            "self": 0.33880290000006785
                                                        },
                                                        "communicator.exchange": {
                                                            "total": 45.922940900000214,
                                                            "count": 9617,
                                                            "is_parallel": true,
                                                            "self": 45.922940900000214
                                                        },
                                                        "steps_from_proto": {
                                                            "total": 1.9208888000002124,
                                                            "count": 9617,