{
    "name": "root",
    "gauges": {
        "Tetris.Policy.Entropy.mean": {
            "value": 2.1630728244781494,
            "min": 2.0882692337036133,
            "max": 3.615952730178833,
            "count": 10
        },
        "Tetris.Environment.EpisodeLength.mean": {
            "value": 30.15625,
            "min": 30.15625,
            "max": 33.275862068965516,
            "count": 10
        },
        "Tetris.Policy.ExtrinsicValueEstimate.mean": {
            "value": -18.983184814453125,
            "min": -27.41568946838379,
            "max": -7.022282123565674,
            "count": 10
        },
        "Tetris.Environment.CumulativeReward.mean": {
            "value": -12.151873230934143,
            "min": -16.322498977184296,
            "max": 3.916897412004142,
            "count": 10
        },
        "Tetris.Policy.ExtrinsicReward.mean": {
            "value": -12.151873230934143,
            "min": -16.322498977184296,
            "max": 3.916897412004142,
            "count": 10
        },
        "Tetris.Losses.ValueLoss.mean": {
            "value": 108.88084411621094,
            "min": 108.88084411621094,
            "max": 1913.1258544921875,
            "count": 10
        },
        "Tetris.Losses.PolicyLoss.mean": {
            "value": 0.25583070516586304,
            "min": 0.2214949131011963,
            "max": 0.26499366760253906,
            "count": 10
        },
        "Tetris.Policy.LearningRate.mean": {
            "value": 0.00029429642017930746,
            "min": 0.00029429642017930746,
            "max": 0.00029969061142764986,
            "count": 10
        },
        "Tetris.Policy.Epsilon.mean": {
            "value": 0.1980988085269928,
            "min": 0.1980988085269928,
            "max": 0.1998968869447708,
            "count": 10
        },
        "Tetris.Policy.Beta.mean": {
            "value": 0.0004906841204501688,
            "min": 0.0004906841204501688,
            "max": 0.0004994947230443358,
            "count": 10
        },
        "Tetris.IsTraining.mean": {
            "value": 1.0,
            "min": 1.0,
            "max": 1.0,
            "count": 10
        }
    },
    "metadata": {
        "timer_format_version": "0.1.0",
        "start_time_seconds": "1617263029",
        "python_version": "3.6.13 |Anaconda, Inc.| (default, Mar 16 2021, 11:37:27) [MSC v.1916 64 bit (AMD64)]",
        "command_line_arguments": "C:\\Users\\kai\\anaconda3\\envs\\ml-agents\\Scripts\\mlagents-learn config/Tetris_config.yaml --run-id=Tetris38",
        "mlagents_version": "0.17.0",
        "mlagents_envs_version": "0.17.0",
        "communication_protocol_version": "1.0.0",
        "tensorflow_version": "2.4.1",
        "end_time_seconds": "1617263138"
    },
    "total": 108.3096416,
    "count": 1,
    "self": 0.004035999999999262,
    "children": {
        "run_training.setup": {
            "total": 0.0069775,
            "count": 1,
            "self": 0.0069775
        },
        "TrainerController.start_learning": {
            "total": 108.2986281,
            "count": 1,
            "self": 4.516684100000759,
            "children": {
                "TrainerController._reset_env": {
                    "total": 3.1475655000000002,
                    "count": 1,
                    "self": 3.1475655000000002
                },
                "TrainerController.advance": {
                    "total": 100.37614989999925,
                    "count": 10898,
                    "self": 0.10494939999918529,
                    "children": {
                        "env_step": {
                            "total": 100.27120050000006,
                            "count": 10898,
                            "self": 88.21899580000098,
                            "children": {
                                "SubprocessEnvManager._take_step": {
                                    "total": 11.889593799999474,
                                    "count": 10898,
                                    "self": 0.23821860000035855,
                                    "children": {
                                        "NNPolicy.evaluate": {
                                            "total": 11.651375199999116,
                                            "count": 10644,
                                            "self": 11.651375199999116
                                        }
                                    }
                                },
                                "workers": {
                                    "total": 0.16261089999960543,
                                    "count": 10897,
                                    "self": 0.0,
                                    "children": {
                                        "worker_root": {
                                            "total": 104.37748059999966,
                                            "count": 10897,
                                            "is_parallel": true,
                                            "self": 26.009942300000176,
                                            "children": {
                                                "steps_from_proto": {
                                                    "total": 0.009079499999999999,
                                                    "count": 1,
                                                    "is_parallel": true,
                                                    "self": 0.00024759999999999713,
                                                    "children": {
                                                        "_process_visual_observation": {
                                                            "total": 0.008761699999999999,
                                                            "count": 2,
                                                            "is_parallel": true,
                                                            "self": 2.7899999999999106e-05,
                                                            "children": {
                                                                "observation_to_np_array": {
                                                                    "total": 0.0087338,
                                                                    "count": 1,
                                                                    "is_parallel": true,
                                                                    "self": 2.1900000000000044e-05,
                                                                    "children": {
                                                                        "process_pixels": {
                                                                            "total": 0.0087119,
                                                                            "count": 1,
                                                                            "is_parallel": true,
                                                                            "self": 0.00012039999999999967,
                                                                            "children": {
                                                                                "image_decompress": {
                                                                                    "total": 0.0085915,
                                                                                    "count": 1,
                                                                                    "is_parallel": true,